Player,#,Selections[c],Nationality,Notes,Reference
LeBron James,22,2005–2026,,"Missed 2025 game. Team captain in 2018,[9] 2019,[10] 2020,[11] 2021,[12] 2022, 2023, and 2024 games. MVP of the 2006, 2008, and 2018 games.",[13]
Kareem Abdul-Jabbar,19,1970–1977; 1979–1989,,Missed 1973[14] game. Replacement selection in 1989 game,[15]
Kobe Bryant*,18,1998; 2000–2016,,"Missed 2010,[16] 2014,[17] and 2015[18] games. MVP of 2002, 2007, 2009 (co-MVP with Shaquille O'Neal), and 2011 games.",[19]
Kevin Durant,16,2010–2019; 2021–2026,,"Missed 2021,[20] 2022, and 2023 games. Team captain in 2021[12] and 2022 games. MVP of the 2012 and 2019 games.",[21]
Tim Duncan*,15,1998; 2000–2011; 2013; 2015,[f],,[22]
Kevin Garnett*,15,1997–1998; 2000–2011; 2013,,Missed 2008[23] game. MVP of the 2003 game. Replacement selection in 1997[24] game,[25]
Shaquille O'Neal*,15,1993–1998; 2000–2007; 2009,,"Missed 1997,[26] 2001,[27] and 2002[28] games. MVP of 2000, 2004, and 2009 (co-MVP with Kobe Bryant) games.",[29]
Michael Jordan*,14,1985–1993; 1996–1998; 2002–2003,,"Missed 1986[30] game. MVP of 1988, 1996, and 1998 games.",[31]
Karl Malone*,14,1988–1998; 2000–2002,,Missed 1990[32] and 2002[28] games,[33]
Dirk Nowitzki*,14,2002–2012; 2014–2015; 2019,,Replacement selection in 2015[34] game. Special roster selection in 2019[35] game,[36]
Jerry West*,14,1961–1974,,Missed 1969[37] and 1974[38] games,[39]
Wilt Chamberlain*,13,1960–1969; 1971–1973,,MVP of the 1960 game.[40],[41]
Bob Cousy*,13,1951–1963,,MVP of 1954 and 1957 games,[42]
John Havlicek*,13,1966–1978,,,[43]
Dwyane Wade*,13,2005–2016; 2019,,Missed 2015[18] game. MVP of the 2010 game. Special roster selection in 2019[35] game,[44]
Larry Bird*,12,1980–1988; 1990–1992,,Missed 1991[45] and 1992[46] games,[47]
Stephen Curry^,12,2014–2019; 2021–2026,,Missed 2023 and 2026 games. Team captain in 2018[9] game. MVP of the 2022 and 2025 games.,[48]
Elvin Hayes*,12,1969–1980,,,[49]
Magic Johnson*,12,1980; 1982–1992,,Missed 1989[50] game,[51]
Moses Malone*,12,1978–1989,,Missed 1984[52] game; also a one-time ABA All-Star,[53]
Hakeem Olajuwon*[b],12,1985–1990; 1992–1997,,,[54]
Chris Paul†,12,2008–2016; 2020–2022,,Missed 2010[16] game. MVP of the 2013 game.,[55]
Oscar Robertson*,12,1961–1972,,"MVP of 1961, 1964, and 1969 games",[56]
Bill Russell*,12,1958–1969,,,[57]
Dolph Schayes*,12,1951–1962,,Missed 1952[58] game,[59]
Isiah Thomas*,12,1982–1993,,Missed 1991[45] game,[60]
Charles Barkley*,11,1987–1997,,Missed 1994[61] and 1997[26] games,[62]
Elgin Baylor*,11,1959–1965; 1967–1970,,,[63]
Chris Bosh*,11,2006–2016,,Missed 2009[64] and 2016[65] games,[66]
Julius Erving*,11,1977–1987,,Also a five-time ABA All-Star,[67]
Patrick Ewing*,11,1986; 1988–1997,,Missed 1986[30] and 1997[26] games,[68]
James Harden^,11,2013–2022; 2025,,Missed 2022 game.,[69]
Allen Iverson*,11,2000–2010,,Missed 2007[70] and 2010[16] games. MVP of the 2001 and 2005 games.,[71]
Bob Pettit*,11,1955–1965,,,[72]
Ray Allen*,10,2000–2002; 2004–2009; 2011,,Replacement selection in 2008[73] and 2009[74] games,[75]
Giannis Antetokounmpo^,10,2017–2026,,"Team captain in 2019,[10] 2020,[11] 2023 and 2024 games. MVP of the 2021 game. Missed 2025 and 2026 games.",[76]
Carmelo Anthony*,10,2007–2008; 2010–2017,,Replacement selection in 2017[77] game,[78]
Paul Arizin*,10,1951–1952; 1955–1962,,Missed 1960[79] game,[80]
Anthony Davis^,10,2014–2021; 2024–2025,,"Missed 2015,[18] 2021,[20][81] and 2025 games. Replacement selection in 2014 game.[82] MVP of the 2017 game.",[83]
Clyde Drexler*,10,1986; 1988–1994; 1996–1997,,Missed 1997[26] game,[84]
Hal Greer*,10,1961–1970,,,[85]
Jason Kidd*,10,1996; 1998; 2000–2004; 2007–2008; 2010,,Missed 2007[70] game. Replacement selection in 2010[86] game,[87]
Paul Pierce*,10,2002–2006; 2008–2012,,,[88]
David Robinson*,10,1990–1996; 1998; 2000–2001,,,[89]
John Stockton*,10,1989–1997; 2000,,,[90]
Paul George^,9,2013–2014; 2016–2019; 2021; 2023–2024,,Replacement selection in 2018[91] game,[92]
George Gervin*,9,1977–1985,,Also a three-time ABA All-Star,[93]
Kyrie Irving^,9,2013–2015; 2017–2019; 2021; 2023; 2025,[g],MVP of the 2014 game. Replacement selection in 2025 game.,[94]
Damian Lillard^,9,2014–2015; 2018–2021; 2023–2025,,Missed 2020[95] game. Replacement selection in 2015[96] game. MVP of the 2024 game.,[97]
Robert Parish*,9,1981–1987; 1990–1991,,,[98]
Gary Payton*,9,1994–1998; 2000–2003,,Replacement selection in 1994[24] game,[99]
Russell Westbrook^,9,2011–2013; 2015–2020,,MVP of the 2015 and 2016 games.,[100]
Lenny Wilkens*,9,1963–1965; 1967–1971; 1973,,,[101]
Dominique Wilkins*,9,1986–1994,[h],Missed 1992[46] game,[102]
Rick Barry*,8,1966–1967; 1973–1978,,Missed 1973[14] game; also a four-time ABA All-Star,[103]
Vince Carter*,8,2000–2007,,Missed 2002[28] game,[104]
Dave Cowens*,8,1972–1978; 1980,,Missed 1977[105] and 1980[106] games,[107]
Dave DeBusschere*,8,1966–1968; 1970–1974,,,[108]
Alex English*,8,1982–1989,,,[109]
Larry Foust,8,1951–1956; 1958–1959,,Missed 1952[58] game,[110]
Dwight Howard*,8,2007–2014,,,[111]
Nikola Jokić^,8,2019–2026,,,[112]
Bob Lanier*,8,1972–1975; 1977–1979; 1982,,MVP of the 1974 game.,[113]
Dikembe Mutombo*,8,1992; 1995–1998; 2000–2002,,Replacement selection in 1995 and 2001[24] games,[114]
Steve Nash*,8,2002–2003; 2005–2008; 2010; 2012,[i],Missed 2007[70] game,[115]
Bill Sharman*,8,1953–1960,,,[116]
Yao Ming*,8,2003–2009; 2011,,Missed 2007[70] and 2011[117] games,[118]
LaMarcus Aldridge,7,2012–2016; 2018–2019,,,[119]
Dave Bing*,7,1968–1969; 1971; 1973–1976,,,[120]
Joel Embiid^,7,2018–2024,,Missed 2021[20][121] and 2024 games,[122]
Walt Frazier*,7,1970–1976,,,[123]
Harry Gallatin*,7,1951–1957,,,[124]
Grant Hill*,7,1995–1998; 2000–2001; 2005,,Missed 2001[27] game,[125]
Joe Johnson,7,2007–2012; 2014,,Missed 2012[126] game. Replacement in 2007 game,[127]
Kawhi Leonard^,7,2016–2017; 2019–2021; 2024; 2026,,MVP of the 2020 game.,[128]
Jerry Lucas*,7,1964–1969; 1971,,,[129]
Ed Macauley*,7,1951–1957,,,[130]
Slater Martin*,7,1953–1959,,,[131]
Tracy McGrady*,7,2001–2007,,,[132]
Dick McGuire*,7,1951–1952; 1954–1956; 1958–1959,,,[133]
Kevin McHale*,7,1984; 1986–1991,,,[134]
Donovan Mitchell^,7,2020–2026,,,[135]
Alonzo Mourning*,7,1994–1997; 2000–2002,,"Missed 1994,[61] 1997,[26] and 2001[27] games",[136]
Scottie Pippen*,7,1990; 1992–1997,,,[137]
Willis Reed*,7,1965–1971,,,[138]
Jack Sikma*,7,1979–1985,,,[139]
Nate Thurmond*,7,1965–1968; 1970; 1973–1974,,Missed 1968[140] and 1970[141] games,[142]
Chet Walker*,7,1964; 1966–1967; 1970–1971; 1973–1974,,,[143]
Jo Jo White*,7,1971–1977,,,[144]
James Worthy*,7,1986–1992,,,[145]
Nate Archibald*,6,1973; 1975–1976; 1980–1982,,,[146]
Jimmy Butler^,6,2015–2018; 2020; 2022,,Missed 2016[65] game,[147]
Larry Costello,6,1958–1962; 1965,,Missed 1962[148] game; inducted as a contributor,[149]
Adrian Dantley*,6,1980–1982; 1984–1986,,,[150]
Walter Davis*,6,1978–1981; 1984; 1987,,,[151]
DeMar DeRozan^,6,2014; 2016–2018; 2022–2023,,,[152]
Luka Dončić^,6,2020–2024; 2026,,,[153]
Joe Dumars*,6,1990–1993; 1995; 1997,,Replacement selection in 1997[24] game,[154]
Pau Gasol*,6,2006; 2009–2011; 2015–2016,,Replacement selection in 2016[155] game,[156]
Artis Gilmore*,6,1978–1979; 1981–1983; 1986,,Also a five-time ABA All-Star,[157]
Blake Griffin§,6,2011–2015; 2019,,Missed 2015[18] game,[158]
Richie Guerin*,6,1958–1963,,,[159]
Tom Heinsohn*,6,1957; 1961–1965,,Missed 1965[160] game,[161]
Bailey Howell*,6,1961–1964; 1966–1967,,,[162]
Lou Hudson*,6,1969–1974,,,[163]
Neil Johnston*,6,1953–1958,,,[164]
Shawn Kemp,6,1993–1998,,,[165]
Kyle Lowry^,6,2015–2020,,,[166]
Vern Mikkelsen*,6,1951–1953; 1955–1957,,,[167]
Jermaine O'Neal,6,2002–2007,,Missed 2006[168] game,[169]
Tony Parker*,6,2006–2007; 2009; 2012–2014,[j],,[170]
Mitch Richmond*,6,1993–1998,,Missed 1993[171] game,[172]
Amar'e Stoudemire,6,2005; 2007–2011,,,[173]
Jayson Tatum^,6,2020–2025,,,[174]
Karl-Anthony Towns^,6,2018–2019; 2022; 2024–2026,,,[175]
Jack Twyman*,6,1957–1960; 1962–1963,,,[176]
George Yardley*,6,1955–1960,,,[177]
Chauncey Billups*,5,2006–2010,,Replacement selection in 2010[178] game,[179]
Devin Booker^,5,2020–2022; 2024; 2026,,Missed 2021[20][180] game. Replacement selection in 2020[181] and 2021[182] games,[183]
Carl Braun*,5,1953–1957,,Missed 1956[184] game,[185]
Jaylen Brown^,5,2021; 2023–2026,,,[186]
Brad Daugherty,5,1988–1989; 1991–1993,,,[187]
Wayne Embry*,5,1961–1965,,Missed 1963[188] game; inducted as a contributor,[189]
Tom Gola*,5,1960–1964,,Missed 1962[148] game,[190]
Gail Goodrich*,5,1969; 1972–1975,,,[191]
Cliff Hagan*,5,1958–1962,,Missed 1958[192] game; also a one-time ABA All-Star,[193]
Tim Hardaway*,5,1991–1993; 1997–1998,,,[194]
Al Horford^,5,2010–2011; 2015–2016; 2018,,Replacement selection in 2016[155] game,[195]
Dennis Johnson*,5,1979–1982; 1985,,,[196]
Gus Johnson*,5,1965; 1968–1971,,,[197]
Marques Johnson,5,1979–1981; 1983; 1986,,,[198]
Sam Jones*,5,1962; 1964–1966; 1968,,,[199]
Rudy LaRusso,5,1962–1963; 1966; 1968–1969,,Missed 1962[148] game,[200]
Kevin Love^,5,2011–2012; 2014; 2017–2018,,Missed 2017[201] and 2018[202] games. Replacement selection in 2011[203] game,[204]
Pete Maravich*,5,1973–1974; 1977–1979,,Missed 1978[205] game,[206]
Bob McAdoo*,5,1974–1978,,,[207]
Reggie Miller*,5,1990; 1995–1996; 1998; 2000,,,[208]
Sidney Moncrief*,5,1982–1986,,,[209]
Chris Mullin*,5,1989–1993,,Missed 1993[171] game,[210]
Don Ohl,5,1963–1967,,,[211]
Andy Phillip*,5,1951–1955,,,[212]
Gene Shue,5,1958–1962,,,[213]
Klay Thompson^,5,2015–2019,,,[214]
Rudy Tomjanovich,5,1974–1977; 1979,,Inducted as a coach,[215]
Wes Unseld*,5,1969; 1971–1973; 1975,,,[216]
John Wall§,5,2014–2018,,Missed 2018[202] game,[217]
Bobby Wanzer*,5,1952–1956,,,[218]
Chris Webber*,5,1997; 2000–2003,,Missed 2003[219] game. Replacement selection in 1997[24] game,[220]
Paul Westphal*,5,1977–1981,,,[221]
Vin Baker,4,1995–1998,,,[222]
Walt Bellamy*,4,1962–1965,,,[223]
Otis Birdsong,4,1979–1981; 1984,,,[224]
Rolando Blackman,4,1985–1987; 1990,,Replacement selection in 1990[24] game,[225]
Tom Chambers,4,1987; 1989–1991,,Replacement selection in 1987 game and game's MVP,[226]
Maurice Cheeks*,4,1983; 1986–1988,,,[227]
Doug Collins,4,1976–1979,,Missed 1979[228] game,[229]
DeMarcus Cousins,4,2015–2018,,Missed 2018[202] game. Replacement selection in 2015[230] game,[231]
Billy Cunningham*,4,1969–1972,,Also a one-time ABA All-Star,[232]
Bob Dandridge*,4,1973; 1975–1976; 1979,,,[233]
Bob Davies*,4,1951–1954,,,[234]
Anthony Edwards^,4,2023–2026,,Missed 2025 game. MVP of the 2026 game. Replacement selection in 2023 game,[235]
Dick Garmaker,4,1957–1960,,,[236]
Shai Gilgeous-Alexander^,4,2023–2026,,Missed 2026 game,[237]
Draymond Green^,4,2016–2018; 2022,,Missed 2022 game,[238]
Johnny Green,4,1962–1963; 1965; 1971,,,[239]
Penny Hardaway,4,1995–1998,,,[240]
Connie Hawkins*,4,1970–1973,,Also a one-time ABA All-Star,[241]
Spencer Haywood*,4,1972–1975,,Also a one-time ABA All-Star,[242]
Mel Hutchins,4,1953–1954; 1956–1957,,,[243]
Bobby Jones*,4,1977–1978; 1981–1982,,Also a two-time ABA All-Star,[244]
Bernard King*,4,1982; 1984–1985; 1991,,,[245]
Bill Laimbeer,4,1983–1985; 1987,,Replacement selection in 1984[52] and 1985[246] games,[247]
Clyde Lovellette*,4,1956–1957; 1960–1961,,,[248]
Maurice Lucas,4,1977–1979; 1983,,Also a one-time ABA All-Star,[249]
Shawn Marion,4,2003; 2005–2007,,,[250]
George Mikan*,4,1951–1954,,,[251]
Paul Millsap,4,2014–2017,,,[252]
Earl Monroe*,4,1969; 1971; 1975; 1977,,,[253]
Willie Naulls,4,1958; 1960–1962,,,[254]
Jim Pollard*,4,1951–1952; 1954–1955,,,[255]
Mark Price,4,1989; 1992–1994,,,[256]
Micheal Ray Richardson,4,1980–1982; 1985,,,[257]
Arnie Risen*,4,1952–1955,,Missed 1955[258] game,[259]
Alvin Robertson,4,1986–1988; 1991,,,[260]
Guy Rodgers*,4,1963–1964; 1966–1967,,,[261]
Rajon Rondo,4,2010–2013,,Missed 2013[262] game. Replacement selection in 2012[263] game,[264]
Ralph Sampson*,4,1984–1987,,Missed 1987[265] game,[266]
Pascal Siakam^,4,2020; 2023; 2025–2026,,Replacement selection in 2023 game,[267]
Latrell Sprewell,4,1994–1995; 1997; 2001,,Replacement selection in 2001[24] game,[268]
David Thompson*,4,1977–1979; 1983,,Also a one-time ABA All-Star,[269]
Kemba Walker§,4,2017–2020,,Replacement selection in 2018[270] game,[271]
Ben Wallace*,4,2003–2006,,,[272]
Rasheed Wallace,4,2000–2001; 2006; 2008,,Replacement selection in 2008 game,[273]
Sidney Wicks,4,1972–1975,,,[274]
Trae Young^,4,2020; 2022; 2024–2025,,Replacement selection in 2024 and 2025 games,[275]
Bam Adebayo^,3,2020; 2023–2024,,,[276]
Mark Aguirre,3,1984; 1987–1988,,,[277]
Gilbert Arenas,3,2005–2007,,Replacement selection in 2006[278] game,[279]
Bradley Beal^,3,2018–2019; 2021,,,[280]
Bill Bridges,3,1967–1968; 1970,,,[281]
Jalen Brunson^,3,2024–2026,,,[282]
Phil Chenier,3,1974–1975; 1977,,,[283]
Terry Dischinger,3,1963–1965,,,[284]
Steve Francis,3,2002–2004,,,[285]
Marc Gasol,3,2012; 2015; 2017,,,[286]
Rudy Gobert^,3,2020–2022,,,[287]
Richard Hamilton,3,2006–2008,,,[288]
Kevin Johnson,3,1990–1991; 1994,,,[289]
Eddie Jones,3,1997–1998; 2000,,,[290]
Bob Kauffman,3,1971–1973,,,[291]
Johnny Kerr,3,1956; 1959; 1963,,,[292]
Bob Love,3,1971–1973,,,[293]
Dan Majerle,3,1992–1993; 1995,,,[294]
George McGinnis*,3,1976–1977; 1979,,Also a three-time ABA All-Star,[295]
Khris Middleton^,3,2019–2020; 2022,,,[296]
Jeff Mullins,3,1969–1971,,,[297]
Larry Nance,3,1985; 1989; 1993,,,[298]
Julius Randle^,3,2021; 2023–2024,,Missed 2024 game,[299]
Glen Rice,3,1996–1998,,,[300]
Derrick Rose†,3,2010–2012,,,[301]
Dan Roundfield,3,1980–1982,,Missed 1981[302] and 1982[303] games,[304]
Brandon Roy,3,2008–2010,,Missed 2010[16] game,[305]
Domantas Sabonis^,3,2020–2021; 2023,,Replacement selection in 2021[306] game,[307]
Detlef Schrempf,3,1993; 1995; 1997,,Replacement selection in 1997[24] game,[308]
Charlie Scott*,3,1973–1975,,Also a two-time ABA All-Star,[309]
Paul Seymour,3,1953–1955,,,[310]
Ben Simmons†,3,2019–2021,,Missed 2021[20][121] game,[311]
Peja Stojaković,3,2002–2004,,Replacement selection in 2003[278] game,[312]
Maurice Stokes*,3,1956–1958,,,[313]
Dick Van Arsdale,3,1969–1971,,,[314]
Tom Van Arsdale,3,1970–1972,,,[315]
Norm Van Lier,3,1974; 1976–1977,,,[316]
Antoine Walker,3,1998; 2002–2003,,,[317]
Jamaal Wilkes*,3,1976; 1981; 1983,,,[318]
Buck Williams,3,1982–1983; 1986,,,[319]
Deron Williams,3,2010–2012,,,[320]
Scottie Barnes^,2,2024; 2026,,Replacement selection in 2024 game,[321]
Leo Barnhorst,2,1952–1953,,,[322]
Zelmo Beaty*,2,1966; 1968,,Also a three-time ABA All-Star,[323]
Carlos Boozer,2,2007–2008,,Missed 2007[70] game,[324]
Elton Brand,2,2002; 2006,,Replacement selection in 2002[24],[325]
Terrell Brandon,2,1996–1997,,,[326]
Frank Brian,2,1951–1952,,,[327]
Caron Butler,2,2007–2008,,Missed 2008[23] game,[328]
Joe Caldwell,2,1969–1970,,Also a two-time ABA All-Star,[329]
Archie Clark,2,1968; 1972,,,[330]
Terry Cummings,2,1985; 1989,,,[331]
Cade Cunningham^,2,2025–2026,,,[332]
Baron Davis,2,2002; 2004,,Replacement selection in 2002[24] game,[333]
Luol Deng,2,2012–2013,[k],,[334]
John Drew,2,1976; 1980,,,[335]
Andre Drummond^,2,2016; 2018,,Replacement selection in 2018[336] game,[337]
Kevin Duckworth,2,1989; 1991,,,[338]
Walter Dukes,2,1960–1961,,,[339]
Dwight Eddleman,2,1951–1952,,,[340]
Sean Elliott,2,1993; 1996,,,[341]
Michael Finley,2,2000–2001,,,[342]
De'Aaron Fox^,2,2023; 2026,,Replacement selection in 2023 and 2026 games,[343]
Joe Fulks*,2,1951–1952,,,[344]
Darius Garland^,2,2022; 2025,,,[345]
Jack George,2,1956–1957,,,[346]
Manu Ginóbili*,2,2005; 2011,,,[347]
Tyrese Haliburton^,2,2023–2024,,,[348]
Roy Hibbert,2,2012; 2014,,,[349]
Jrue Holiday^,2,2013; 2023,,,[350]
Allan Houston,2,2000–2001,,,[351]
Rod Hundley,2,1960–1961,,,[352]
Žydrūnas Ilgauskas,2,2003; 2005,,,[353]
Brandon Ingram^,2,2020; 2026,,Replacement selection in 2026[354] game,[355]
Jaren Jackson Jr.^,2,2023; 2025,,,[356]
Antawn Jamison,2,2005; 2008,,,[357]
Eddie Johnson,2,1980–1981,,,[358]
John Johnson,2,1971–1972,,,[359]
Larry Johnson,2,1993; 1995,,,[360]
Larry Kenon,2,1978–1979,,Also a three-time ABA All-Star,[361]
Don Kojis,2,1968–1969,,,[362]
Zach LaVine^,2,2021–2022,,,[363]
David Lee,2,2010; 2013,,Replacement selection in 2010[86] game,[364]
Fat Lever,2,1988; 1990,,,[365]
Rashard Lewis,2,2005; 2009,,,[366]
Jeff Malone,2,1986–1987,,,[367]
Danny Manning,2,1993–1994,,,[368]
Stephon Marbury,2,2001; 2003,,,[369]
Jack Marin,2,1972–1973,,,[370]
Tyrese Maxey^,2,2024; 2026,,,[371]
Brad Miller,2,2003–2004,,,[372]
Ja Morant^,2,2022–2023,,,[373]
Norm Nixon,2,1982; 1985,,,[374]
Joakim Noah,2,2013–2014,,,[375]
Victor Oladipo†,2,2018–2019,,Missed 2019[376] game,[377]
Jim Paxson,2,1983–1984,,,[378]
Geoff Petrie,2,1971; 1974,,,[379]
Terry Porter,2,1991; 1993,,Replacement selection in 1993[24] game,[380]
Zach Randolph,2,2010; 2013,,,[381]
Glenn Robinson,2,2000–2001,,,[382]
Truck Robinson,2,1978; 1981,,,[383]
Red Rocha,2,1951–1952,,,[384]
Dennis Rodman*,2,1990; 1992,,,[385]
Jeff Ruland,2,1984–1985,,Missed 1985[246] game,[386]
Fred Scolari,2,1952–1953,,Missed 1953[387] game,[388]
Ken Sears,2,1958–1959,,,[389]
Frank Selvy,2,1955; 1962,,,[390]
Alperen Şengün^,2,2025–2026,,Replacement selection in 2026[391] game,[392]
Paul Silas,2,1972; 1975,,,[393]
Jerry Sloan,2,1967; 1969,,,[394]
Phil Smith,2,1976–1977,,,[395]
Randy Smith,2,1976; 1978,,,[396]
Jerry Stackhouse,2,2000–2001,,,[397]
Reggie Theus,2,1981; 1983,,,[398]
Isaiah Thomas†,2,2016–2017,,,[399]
Andrew Toney,2,1983–1984,,,[400]
Kelly Tripucka,2,1982; 1984,,,[401]
Kiki Vandeweghe,2,1983–1984,,,[402]
Nikola Vučević^,2,2019; 2021,[l],,[403]
Jimmy Walker,2,1970; 1972,,,[404]
Bill Walton*,2,1977–1978,,Missed 1977[105] game,[405]
Scott Wedman,2,1976; 1980,,Missed 1980[106] game,[406]
Victor Wembanyama^,2,2025–2026,,,[407]
David West,2,2008–2009,,,[408]
Gus Williams,2,1982–1983,,,[409]
Zion Williamson^,2,2021; 2023,,Missed 2023 game,[410]
Brian Winters,2,1976; 1978,,,[411]
Shareef Abdur-Rahim,1,2002,,,[412]
Alvan Adams,1,1976,,,[413]
Michael Adams,1,1992,,Replacement selection in 1992[24] game,[414]
Danny Ainge,1,1988,,,[415]
Jarrett Allen^,1,2022,,Replacement selection in 2022[416] game,[417]
Kenny Anderson,1,1994,,,[418]
B. J. Armstrong,1,1994,,,[419]
Deni Avdija^,1,2026,,,[420]
LaMelo Ball^,1,2022,,Replacement selection in 2022[421] game.,[422]
Paolo Banchero^,1,2024,,,[423]
Don Barksdale*,1,1953,,Inducted as a contributor,[424]
Dick Barnett*,1,1968,,,[425]
Dana Barros,1,1995,,,[426]
Butch Beard,1,1972,,,[427]
Ralph Beard,1,1951,,,[428]
Mookie Blaylock,1,1994,,,[429]
John Block,1,1973,,,[430]
Bob Boozer,1,1968,,,[431]
Vince Boryla,1,1951,,,[432]
Bill Bradley*,1,1973,,,[433]
Fred Brown,1,1976,,,[434]
Don Buse,1,1977,,Also a one-time ABA All-Star,[435]
Andrew Bynum,1,2012,,,[436]
Austin Carr,1,1974,,,[437]
Joe Barry Carroll,1,1987,,,[438]
Bill Cartwright,1,1980,,,[439]
Sam Cassell,1,2004,,,[440]
Cedric Ceballos,1,1995,,Missed 1995[441] game,[442]
Tyson Chandler,1,2013,,,[443]
Len Chappell,1,1964,,,[444]
Nathaniel Clifton*,1,1957,,,[445]
Derrick Coleman,1,1994,,,[446]
Jack Coleman,1,1955,,,[447]
Mike Conley†,1,2021,,Replacement selection in 2021[180] game,[448]
Antonio Davis,1,2001,,Replacement selection in 2001[24] game,[449]
Dale Davis,1,2000,,,[450]
Vlade Divac*,1,2001,,Replacement selection in 2001[24] game,[451]
James Donaldson,1,1988,,Replacement selection in 1988 game,[452]
Goran Dragić§,1,2018,,Replacement selection in 2018 game[453] game,[454]
Jalen Duren^,1,2026,,,[455]
Mark Eaton,1,1989,,,[456]
Dale Ellis,1,1989,,,[457]
Ray Felix,1,1954,,,[458]
Sleepy Floyd,1,1987,,,[459]
World B. Free,1,1980,,,[460]
Billy Gabor,1,1953,,,[461]
Chris Gatling,1,1997,,Replacement selection in 1997[24] game,[462]
Danny Granger,1,2009,,,[463]
Horace Grant,1,1994,,,[464]
A.C. Green,1,1990,,,[465]
Rickey Green,1,1984,,,[466]
Alex Groza,1,1951,,,[467]
Tom Gugliotta,1,1997,,,[468]
Devin Harris,1,2009,,,[469]
Bob Harrison,1,1956,,,[470]
Hersey Hawkins,1,1991,,Replacement selection in 1991[24] game,[471]
Gordon Hayward†,1,2017,,,[472]
Walt Hazzard,1,1968,,,[473]
Tyler Herro^,1,2025,,,[474]
Tyrone Hill,1,1995,,,[475]
Lionel Hollins,1,1978,,,[476]
Chet Holmgren^,1,2026,,,[477]
Jeff Hornacek,1,1992,,,[478]
Josh Howard,1,2007,,,[479]
Juwan Howard,1,1996,,,[480]
Andre Iguodala§,1,2012,,,[481]
Darrall Imhoff,1,1967,,,[482]
Dan Issel*,1,1977,,Also a six-time ABA All-Star,[483]
Lucious Jackson,1,1965,,,[484]
Mark Jackson,1,1989,,,[485]
Jalen Johnson^,1,2026,,,[486]
Steve Johnson,1,1988,,Missed 1988[487] game,[488]
DeAndre Jordan^,1,2017,,,[489]
Chris Kaman,1,2010,,Replacement selection in 2010[490] game,[491]
Jim King,1,1968,,,[492]
Andrei Kirilenko,1,2004,,,[493]
Billy Knight,1,1977,,Also a one-time ABA All-Star,[494]
Kyle Korver,1,2015,,Replacement selection in 2015[495] game,[496]
Sam Lacey,1,1975,,,[497]
Christian Laettner,1,1997,,,[498]
Clyde Lee,1,1968,,,[499]
Reggie Lewis,1,1992,,,[500]
Brook Lopez^,1,2013,,Replacement selection in 2013 game,[501]
Jamaal Magloire,1,2004,,,[502]
Lauri Markkanen^,1,2023,,,[503]
Kenyon Martin,1,2004,,,[504]
Jamal Mashburn,1,2003,,,[505]
Anthony Mason,1,2001,,,[506]
Xavier McDaniel,1,1988,,,[507]
Antonio McDyess,1,2001,,,[508]
Jon McGlocklin,1,1969,,,[509]
Tom Meschery,1,1963,,,[510]
Eddie Miles,1,1966,,,[511]
Mike Mitchell,1,1981,,,[512]
Steve Mix,1,1975,,,[513]
Evan Mobley^,1,2025,,,[514]
Jack Molinas,1,1954,,Missed 1954[515] game,[516]
Calvin Murphy*,1,1979,,,[517]
Dejounte Murray^,1,2022,,Replacement selection in 2022[421] game.,[518]
Jamal Murray^,1,2026,,,[519]
Calvin Natt,1,1985,,,[520]
Jameer Nelson,1,2009,,Missed 2009[64] game,[521]
Chuck Noble,1,1960,,,[522]
Charles Oakley,1,1994,,Replacement selection in 1994[24] game,[523]
Mehmet Okur,1,2007,,,[524]
Ricky Pierce,1,1991,,,[525]
Kristaps Porziņģis^,1,2018,,Missed 2018[202] game,[526]
Jim Price,1,1975,,,[527]
Norman Powell^,1,2026,,,[528]
Theo Ratliff,1,2001,,Missed 2001[27] game,[529]
Michael Redd,1,2004,,,[530]
Richie Regan,1,1957,,,[531]
Doc Rivers,1,1988,,,[532]
Clifford Robinson,1,1994,,,[533]
Flynn Robinson,1,1970,,,[534]
Curtis Rowe,1,1976,,,[535]
Bob Rule,1,1970,,,[536]
Campy Russell,1,1979,,,[537]
Cazzie Russell,1,1972,,,[538]
D'Angelo Russell^,1,2019,,Replacement selection in 2019[539] game,[540]
Woody Sauldsberry,1,1959,,,[541]
Fred Schaus,1,1951,,,[542]
Lee Shaffer,1,1963,,,[543]
Lonnie Shelton,1,1982,,,[544]
Adrian Smith,1,1966,,,[545]
Steve Smith,1,1998,,,[546]
Rik Smits,1,1998,,,[547]
John Starks,1,1994,,,[548]
Don Sunderlage,1,1954,,,[549]
Wally Szczerbiak,1,2002,,,[550]
Jeff Teague,1,2015,,,[551]
Otis Thorpe,1,1992,,,[552]
Nick Van Exel,1,1998,,,[553]
Fred VanVleet^,1,2022,,,[554]
Gerald Wallace,1,2010,,,[555]
Paul Walther,1,1952,,,[556]
Kermit Washington,1,1980,,,[557]
Andrew Wiggins^,1,2022,,,[558]
Jalen Williams^,1,2025,,,[559]
Jayson Williams,1,1998,,,[560]
Mo Williams,1,2009,,Replacement selection in 2009[561] game,[562]
Kevin Willis,1,1992,,Replacement selection in 1992[24] game,[563]
Metta World Peace[d],1,2004,,,[564]
Max Zaslofsky,1,1952,,,[565]